{
  "best_threshold": 0.7214979529380798,
  "auc": 0.9080882352941176,
  "acc": 0.8409090909090909,
  "precision": 0.6,
  "recall": 0.9,
  "f1": 0.72,
  "cm": [
    [
      56,
      12
    ],
    [
      2,
      18
    ]
  ]
}