fold,best_dice,best_epoch
1,0.010494857095181942,30
2,0.060520239174366,29
3,0.028799140825867653,29
