{
  "task": "Parkinson vs Control using OpenNeuro ds005892 T1w MRI",
  "val_auc": 0.8928571428571428,
  "val_acc": 0.9090909090909091,
  "threshold_youden": 0.017127320170402527,
  "precision": 0.875,
  "recall": 1.0,
  "f1": 0.9333333333333333,
  "confusion_matrix": [
    [
      3,
      1
    ],
    [
      0,
      7
    ]
  ]
}