y_true,y_prob,y_pred
0,0.016371551901102066,0
0,0.012527933344244957,0
1,0.8296990990638733,1
1,0.866528332233429,1
1,0.7478922605514526,1
0,0.3592236340045929,1
1,0.48023492097854614,1
1,0.05079945921897888,1
1,0.26147234439849854,1
0,0.005752545315772295,0
1,0.017127320170402527,1
